DROP DATABASE `gratis_2`;
CREATE DATABASE `gratis_2`;

USE gratis_2;

CREATE TABLE `user_accounts` (
  `id` int(11) NOT NULL AUTO_INCREMENT,
  `username` varchar(255) NOT NULL,
  `Password` varchar(100) NOT NULL,
    PRIMARY KEY (id)
) ENGINE=InnoDB DEFAULT CHARSET=latin1;

CREATE TABLE `cars` (
  `id` int(11) NOT NULL AUTO_INCREMENT,
  `Title` varchar(255) NOT NULL,
  `Condition` varchar(20) NOT NULL,
  `MSRP` varchar(50) NOT NULL,
  `Savings` varchar(50) NOT NULL,
  `Low_As` varchar(50) NOT NULL,
  `Stock` int(10) NOT NULL,
  `Mileage` int(10) NOT NULL,
  `image` varchar(255) NOT NULL,
    PRIMARY KEY (id)
) ENGINE=InnoDB DEFAULT CHARSET=latin1;

CREATE TABLE `car_images` (
  `id` int(2) NOT NULL AUTO_INCREMENT,
  `car_id` int(2) NOT NULL,
  `car_image` varchar(255) NOT NULL,
    PRIMARY KEY (id)
) ENGINE=InnoDB DEFAULT CHARSET=latin1;

CREATE TABLE `incentives` (
  `id` int(2) NOT NULL AUTO_INCREMENT,
  `car_id` int(2) NOT NULL,
  `incentive` varchar(255) NOT NULL,
  `cost` varchar(30) NOT NULL,
    PRIMARY KEY (id)
) ENGINE=InnoDB DEFAULT CHARSET=latin1;

CREATE TABLE `options` (
  `id` int(1) NOT NULL AUTO_INCREMENT,
  `car_id` int(2) NOT NULL,
  `option` varchar(255) NOT NULL,
    PRIMARY KEY (id)
) ENGINE=InnoDB DEFAULT CHARSET=latin1;

  ALTER TABLE `user_accounts`
  MODIFY `id` int(11) NOT NULL AUTO_INCREMENT, AUTO_INCREMENT=2;

ALTER TABLE `cars`
  MODIFY `id` int(11) NOT NULL AUTO_INCREMENT, AUTO_INCREMENT=5;

  ALTER TABLE `car_images`
  MODIFY `id` int(2) NOT NULL AUTO_INCREMENT, AUTO_INCREMENT=17;

ALTER TABLE `options`
  MODIFY `id` int(1) NOT NULL AUTO_INCREMENT, AUTO_INCREMENT=405;

INSERT INTO `user_accounts` (`id`, `username`, `Password`) VALUES
(1, 'demo', 'demo123');

INSERT INTO `cars` (`id`, `Title`, `Condition`, `MSRP`, `Savings`, `Low_As`, `Stock`, `Mileage`, `image`) VALUES
(1, '2018 Chevrolet Malibu', 'New', '$24,100.00', '$5,000.00', '$14,917.00', 166083, 3935, 'images/malibu.jpg'),
(2, '2018 Chevrolet Silverado 1500', 'New', '$58,070.00', '$5,000.00', '$53,070.00', 518610, 5403, 'images/silverado1.jpg'),
(3, '2018 GMC Terrain', 'New', '$36,365.00', '$7,500.00', '$28,865.00', 229329, 99, 'images/terrain.jpg'),
(4, '2018 GMC Sierra 1500', 'New', '$49,920.00', '$6,000.00', '$43,920.00', 425310, 31, 'images/sierra.jpg');

INSERT INTO `car_images` (`id`, `car_id`, `car_image`) VALUES
(1, 1, 'images/malibu.jpg'),
(2, 1, 'images/malibu2.jpg'),
(3, 1, 'images/malibu3.jpg'),
(4, 1, 'images/malibu4.jpg'),
(5, 2, 'images/silverado1.jpg'),
(6, 2, 'images/silverado2.jpg'),
(7, 2, 'images/silverado3.jpg'),
(8, 2, 'images/silverado4.jpg'),
(9, 3, 'images/terrain.jpg'),
(10, 3, 'images/terrain2.jpg'),
(11, 3, 'images/terrain3.jpg'),
(12, 3, 'images/terrain4.jpg'),
(13, 4, 'images/sierra.jpg'),
(14, 4, 'images/sierra2.jpg'),
(15, 4, 'images/sierra3.jpg'),
(16, 4, 'images/sierra4.jpg');

INSERT INTO `incentives` (`id`, `car_id`, `incentive`, `cost`) VALUES
(1, 2, 'GM Consumer Cash Program', '2500.00'),
(2, 2, 'GM Incremental Consumer Cash Program', '2000.00'),
(3, 2, 'GM Lease Loyalty Purchase Program', '2000.00'),
(4, 2, 'Chevrolet Bonus Cash Program', '750.00'),
(5, 2, 'Business Partners Private Offer-Associated Builders and Contractors', '500.00'),
(6, 2, 'GM Extended Family Card and Buypower Card Bonus Cash Offer', '250.00'),
(7, 3, 'GM Bonus Cash Program', '5500.00'),
(8, 3, 'Buick & GMC Standalone Consumer Cash Program', '5500.00'),
(9, 3, 'GM Lease Loyalty Purchase Program', '1500.00'),
(10, 3, 'Business Partners Private Offer-Associated Builders and Contractors', '500.00'),
(11, 3, 'GM Extended Family Card and Buypower Card Bonus Cash Offer', '250.00'),
(12, 4, 'GM Incremental Consumer Cash Program', '3500.00'),
(13, 4, 'GM Bonus Cash Program', '2050.00'),
(14, 4, 'GM Lease Loyalty Purchase Program', '2000.00'),
(15, 4, 'GM Consumer Cash Program', '1000.00'),
(16, 4, 'Business Partners Private Offer-Associated Builders and Contractors', '500.00'),
(17, 4, 'GM Extended Family Card and Buypower Card Bonus Cash Offer', '250.00');

INSERT INTO `options` (`id`, `car_id`, `option`) VALUES
(1, 2, 'Preferred Equipment Group 2LZ'),
(3, 2, '3.23 Rear Axle Ratio'),
(4, 2, '3.42 Rear Axle Ratio'),
(5, 2, 'Heavy-Duty Rear Locking Differential'),
(6, 2, 'Wheels: 18\" x 8.5\" Bright Machined Aluminum'),
(7, 2, 'Wheels: 20\" x 9\" Chrome'),
(8, 2, '40/20/40 Front Split Bench Seat'),
(9, 2, 'Front Full Feature Power Reclining Bucket Seats'),
(10, 2, 'Leather Appointed Seat Trim'),
(11, 2, 'Heated Driver & Front Passenger Seats'),
(12, 2, 'Off-Road Suspension Package'),
(13, 2, 'Radio: AM/FM 8\" Diagonal Color Touch Screen'),
(14, 2, 'SiriusXM Satellite Radio'),
(15, 2, 'Bose Speaker System'),
(16, 2, 'Electric Rear-Window Defogger'),
(17, 2, 'Color-Keyed Carpeting w/Rubberized Vinyl Floor Mats'),
(18, 2, 'OnStar & Chevrolet Connected Services Capable'),
(19, 2, '110-Volt AC Power Outlet'),
(20, 2, 'All-Weather Floor Liner (LPO)'),
(21, 2, 'Spray-On Pickup Box Bed Liner'),
(22, 2, 'Chrome Essentials Package (LPO)'),
(23, 2, '4\" Chrome Round Assist Steps (LPO)'),
(24, 2, 'Polished Exhaust Tip'),
(25, 2, 'Trailering Package'),
(26, 2, 'Remote Vehicle Starter System'),
(27, 2, 'Manual Tilt/Telescoping Steering Column'),
(28, 2, 'Thin Profile LED Fog Lamps'),
(29, 2, 'Deep-Tinted Glass'),
(30, 2, 'Power Windows w/Driver Express Up'),
(31, 2, 'Power Sliding Rear Window'),
(32, 2, 'Rear 60/40 Folding Bench Seat (Folds Up)'),
(33, 2, 'Remote Locking Tailgate'),
(34, 2, 'Chevrolet Connected Access'),
(35, 2, 'Remote Keyless Entry'),
(36, 2, 'Rear Wheelhouse Liners'),
(37, 2, 'Chrome Bodyside Moldings'),
(38, 2, 'Bluetooth® For Phone'),
(39, 2, 'Dual-Zone Automatic Climate Control'),
(40, 2, 'Floor Mounted Console'),
(41, 2, 'Auto-Dimming Inside Rear-View Mirror'),
(42, 2, 'Driver & Front Passenger Illuminated Vanity Mirrors'),
(43, 2, 'Chrome Cap Power-Adjustable Heated Outside Mirrors'),
(44, 2, 'Chrome Mirror Caps'),
(45, 2, 'Chrome Door Handles'),
(46, 2, 'Body-Color Headlamp Bezels'),
(47, 2, 'Hill Descent Control'),
(48, 2, 'Wireless Charging'),
(49, 2, '150 Amp Alternator'),
(50, 2, 'Auxiliary External Transmission Oil Cooler'),
(51, 2, 'LED Taillamps w/Signature'),
(52, 2, 'Active Noise Cancellation'),
(53, 2, 'Leather Wrapped Steering Wheel w/Cruise Controls'),
(54, 2, 'EZ Lift & Lower Tailgate'),
(55, 2, 'Single Slot CD/MP3 Player'),
(56, 2, 'Body-Color Grille Surround'),
(57, 2, 'HD Radio'),
(58, 2, '4.2\" Diagonal Color Display Driver Info Center'),
(59, 2, 'Universal Home Remote'),
(60, 2, 'Steering Wheel Audio Controls'),
(61, 2, '6 Speaker Audio System'),
(62, 2, 'Theft Deterrent System (Unauthorized Entry)'),
(63, 2, 'Front Chrome Bumper'),
(64, 2, 'Front Frame-Mounted Black Recovery Hooks'),
(65, 2, 'Front Body-Color Bumper'),
(66, 2, 'Rear Chrome Bumper'),
(67, 2, 'Chrome Recovery Hooks'),
(68, 2, 'Body Color Rear Bumper w/Cornersteps'),
(69, 2, 'Chevrolet w/4G LTE'),
(70, 2, 'Compass'),
(71, 2, 'Front Center Armrest w/Storage'),
(72, 2, '1st row LCD monitors: 2'),
(73, 2, 'AM/FM radio: SiriusXM'),
(74, 2, 'Premium audio system: Chevrolet MyLink'),
(75, 2, 'Exterior Parking Camera Rear'),
(76, 2, '4-Wheel Disc Brakes'),
(77, 2, '6 Speakers'),
(78, 2, 'Air Conditioning'),
(79, 2, 'Electronic Stability Control'),
(80, 2, 'Tachometer'),
(81, 2, 'Voltmeter'),
(82, 2, 'ABS brakes'),
(83, 2, 'Auto-dimming door mirrors'),
(84, 2, 'Automatic temperature control'),
(85, 2, 'Bodyside moldings'),
(86, 2, 'Brake assist'),
(87, 2, 'Bumpers: body-color'),
(88, 2, 'CD player'),
(89, 2, 'Delay-off headlights'),
(90, 2, 'Driver door bin'),
(91, 2, 'Driver vanity mirror'),
(92, 2, 'Dual front impact airbags'),
(93, 2, 'Dual front side impact airbags'),
(94, 2, 'Front anti-roll bar'),
(95, 2, 'Front dual zone A/C'),
(96, 2, 'Front fog lights'),
(97, 2, 'Front reading lights'),
(98, 2, 'Front wheel independent suspension'),
(99, 2, 'Fully automatic headlights'),
(100, 2, 'Garage door transmitter'),
(101, 2, 'Heated door mirrors'),
(102, 2, 'Heated front seats'),
(103, 2, 'Illuminated entry'),
(104, 2, 'Low tire pressure warning'),
(105, 2, 'Memory seat'),
(106, 2, 'Occupant sensing airbag'),
(107, 2, 'Outside temperature display'),
(108, 2, 'Overhead airbag'),
(109, 2, 'Overhead console'),
(110, 2, 'Panic alarm'),
(111, 2, 'Passenger door bin'),
(112, 2, 'Passenger vanity mirror'),
(113, 2, 'Power door mirrors'),
(114, 2, 'Power driver seat'),
(115, 2, 'Power passenger seat'),
(116, 2, 'Power steering'),
(117, 2, 'Power windows'),
(118, 2, 'Radio data system'),
(119, 2, 'Rear reading lights'),
(120, 2, 'Rear seat center armrest'),
(121, 2, 'Rear step bumper'),
(122, 2, 'Rear window defroster'),
(123, 2, 'Remote keyless entry'),
(124, 2, 'Security system'),
(125, 2, 'Speed control'),
(126, 2, 'Speed-sensing steering'),
(127, 2, 'Split folding rear seat'),
(128, 2, 'Steering wheel mounted audio controls'),
(129, 2, 'Telescoping steering wheel'),
(130, 2, 'Tilt steering wheel'),
(131, 2, 'Traction control'),
(132, 2, 'Trip computer'),
(133, 2, 'Turn signal indicator mirrors'),
(134, 2, 'Variably intermittent wipers'),
(135, 2, 'Auto-dimming Rear-View mirror'),
(136, 3, 'Preferred Equipment Group 3SA'),
(137, 3, '3.47 Axle Ratio'),
(138, 3, '3.17 Axle Ratio'),
(139, 3, 'Wheels: 17\" x 7\" Silver Painted Aluminum'),
(140, 3, 'Wheels: 18\" x 7\" Silver Painted Aluminum'),
(141, 3, 'Front Bucket Seats'),
(142, 3, 'Premium Cloth Seat Trim'),
(143, 3, 'Radio: GMC Infotainment Audio System w/7\" Display'),
(144, 3, 'Radio: GMC Infotainment Audio System w/Navigation'),
(145, 3, 'Driver Convenience Package'),
(146, 3, 'Infotainment Package I'),
(147, 3, 'Driver Alert Package I'),
(148, 3, 'Power Programmable Rear Liftgate'),
(149, 3, '8-Way Power Driver Seat Adjuster'),
(150, 3, '4-Way Manual Front Passenger Seat'),
(151, 3, '4-Way Manual Driver\'s Seat'),
(152, 3, 'Power Driver Lumbar Control'),
(153, 3, 'Remote Start'),
(154, 3, 'Dual-Zone Automatic Climate Control'),
(155, 3, 'Outside Heated Power-Adjustable Mirrors'),
(156, 3, '4-Wheel Antilock 4-Wheel Disc Brakes'),
(157, 3, 'Driver & Front Passenger Heated Seats'),
(158, 3, '110-Volt Power Outlet'),
(159, 3, 'SD Card Reader'),
(160, 3, '2 USB Data Ports'),
(161, 3, 'Dual Exhaust w/Bright Tips'),
(162, 3, 'SiriusXM Satellite Radio'),
(163, 3, 'Rear Park Assist & Safety Alert Seat'),
(164, 3, '4.2\" Multi-Color Enhanced Driver Information Screen'),
(165, 3, 'Rear Cross-Traffic Alert'),
(166, 3, 'Lane Change Alert w/Side Blind Zone Alert'),
(167, 3, 'Bluetooth® For Phone'),
(168, 3, '2 USB Data Ports w/Auxiliary Input Jack'),
(169, 3, '6-Speaker Audio System Feature'),
(170, 3, 'Roof-Mounted Luggage Rack Black Side Rails'),
(171, 3, '4-Wheel Disc Brakes'),
(172, 3, '6 Speakers'),
(173, 3, 'Air Conditioning'),
(174, 3, 'Electronic Stability Control'),
(175, 3, 'Front Center Armrest'),
(176, 3, 'Spoiler'),
(177, 3, 'Tachometer'),
(178, 3, 'ABS brakes'),
(179, 3, 'AM/FM radio'),
(180, 3, 'Brake assist'),
(181, 3, 'Bumpers: body-color'),
(182, 3, 'Delay-off headlights'),
(183, 3, 'Driver door bin'),
(184, 3, 'Driver vanity mirror'),
(185, 3, 'Dual front impact airbags'),
(186, 3, 'Dual front side impact airbags'),
(187, 3, 'Emergency communication system'),
(188, 3, 'Four wheel independent suspension'),
(189, 3, 'Front anti-roll bar'),
(190, 3, 'Front reading lights'),
(191, 3, 'Fully automatic headlights'),
(192, 3, 'Heated door mirrors'),
(193, 3, 'Illuminated entry'),
(194, 3, 'Low tire pressure warning'),
(195, 3, 'Occupant sensing airbag'),
(196, 3, 'Outside temperature display'),
(197, 3, 'Overhead airbag'),
(198, 3, 'Overhead console'),
(199, 3, 'Panic alarm'),
(200, 3, 'Passenger door bin'),
(201, 3, 'Passenger vanity mirror'),
(202, 3, 'Power door mirrors'),
(203, 3, 'Power steering'),
(204, 3, 'Power windows'),
(205, 3, 'Radio data system'),
(206, 3, 'Rear anti-roll bar'),
(207, 3, 'Rear seat center armrest'),
(208, 3, 'Rear window defroster'),
(209, 3, 'Rear window wiper'),
(210, 3, 'Remote keyless entry'),
(211, 3, 'Security system'),
(212, 3, 'Speed control'),
(213, 3, 'Speed-sensing steering'),
(214, 3, 'Split folding rear seat'),
(215, 3, 'Steering wheel mounted audio controls'),
(216, 3, 'Telescoping steering wheel'),
(217, 3, 'Tilt steering wheel'),
(218, 3, 'Traction control'),
(219, 3, 'Trip computer'),
(220, 3, 'Variably intermittent wipers'),
(221, 3, 'Front beverage holders'),
(222, 3, 'Auto-dimming Rear-View mirror'),
(223, 3, 'High-Intensity Discharge Headlights'),
(224, 3, 'Compass'),
(225, 3, 'Exterior Parking Camera Rear'),
(226, 4, 'Preferred Equipment Group 4SA'),
(227, 4, '3.08 Rear Axle Ratio'),
(228, 4, '3.42 Rear Axle Ratio'),
(229, 4, 'Heavy-Duty Rear Locking Differential'),
(230, 4, '20\" x 9\" Polished Aluminum Wheels'),
(231, 4, '40/20/40 Front Split Bench Seat'),
(232, 4, 'Leather Appointed Seat Trim'),
(233, 4, '10-Way Power Driver\'s Seat Adjuster'),
(234, 4, 'Heated Driver & Front Passenger Seats'),
(235, 4, 'Radio: AM/FM/GMC Infotainment System'),
(236, 4, 'SiriusXM Satellite Radio'),
(237, 4, 'Bose Speaker System'),
(238, 4, 'Electric Rear-Window Defogger'),
(239, 4, 'Color-Keyed Carpeting'),
(240, 4, 'OnStar & GMC Connected Services Capable'),
(241, 4, 'All-Weather Floor Liner (LPO)'),
(242, 4, 'SLT Premium Package'),
(243, 4, '6\" Rectangular Chromed Tubular Assist Steps'),
(244, 4, 'Chrome Heated Outside Vertical Trailering Mirrors'),
(245, 4, 'Polished Exhaust Tip'),
(246, 4, 'Max Trailering Package'),
(247, 4, 'Heavy Duty Suspension'),
(248, 4, 'Trailering Equipment'),
(249, 4, 'Integrated Trailer Brake Controller'),
(250, 4, 'Remote Vehicle Starter System'),
(251, 4, '110-Volt AC Power Outlet'),
(252, 4, 'Manual Tilt/Telescoping Steering Column'),
(253, 4, 'Thin Profile LED Fog Lamps'),
(254, 4, 'Deep-Tinted Glass'),
(255, 4, 'LED Cargo Box Lighting'),
(256, 4, 'Power Windows w/Driver Express Up & Down'),
(257, 4, 'Rear 60/40 Folding Bench Seat (Folds Up)'),
(258, 4, 'GMC Connected Access'),
(259, 4, 'Remote Keyless Entry'),
(260, 4, 'Rear Wheelhouse Liners'),
(261, 4, '1st & 2nd Row Color-Keyed Carpeted Floor Mats'),
(262, 4, 'Chrome Bodyside Moldings'),
(263, 4, 'Dual-Zone Automatic Climate Control'),
(264, 4, 'Auto-Dimming Inside Rear-View Mirror'),
(265, 4, 'Driver & Front Passenger Illuminated Vanity Mirrors'),
(266, 4, 'Power Folding & Adjustable Heated Outside Mirrors'),
(267, 4, 'Chrome Mirror Caps'),
(268, 4, 'Chrome Door Handles'),
(269, 4, 'Power Adjustable Pedals'),
(270, 4, '150 Amp Alternator'),
(271, 4, 'Auxiliary External Transmission Oil Cooler'),
(272, 4, 'Leather Wrapped Steering Wheel w/Cruise Controls'),
(273, 4, 'EZ Lift & Lower Tailgate'),
(274, 4, 'LED Tailamps w/Signature'),
(275, 4, 'Single Slot CD/MP3 Player'),
(276, 4, 'HD Radio'),
(277, 4, '4.2\" Diagonal Color Display Driver Info Center'),
(278, 4, 'Universal Home Remote'),
(279, 4, 'Steering Wheel Audio Controls'),
(280, 4, '6-Speaker Audio System'),
(281, 4, 'Theft Deterrent System (Unauthorized Entry)'),
(282, 4, 'GMC 4G LTE'),
(283, 4, 'High-Intensity Discharge Headlights'),
(284, 4, 'Compass'),
(285, 4, 'Front Center Armrest w/Storage'),
(286, 4, 'AM/FM radio: SiriusXM'),
(287, 4, 'Power 2-way passenger lumbar support'),
(288, 4, 'Exterior Parking Camera Rear'),
(289, 4, 'Premium audio system: GMC Infotainment System'),
(290, 4, '4-Wheel Disc Brakes'),
(291, 4, '6 Speakers'),
(292, 4, 'Air Conditioning'),
(293, 4, 'Electronic Stability Control'),
(294, 4, 'Tachometer'),
(295, 4, 'Voltmeter'),
(296, 4, 'ABS brakes'),
(297, 4, 'Adjustable pedals'),
(298, 4, 'Alloy wheels'),
(299, 4, 'Auto-dimming door mirrors'),
(300, 4, 'Automatic temperature control'),
(301, 4, 'Bodyside moldings'),
(302, 4, 'Brake assist'),
(303, 4, 'Bumpers: chrome'),
(304, 4, 'CD player'),
(305, 4, 'Delay-off headlights'),
(306, 4, 'Driver door bin'),
(307, 4, 'Driver vanity mirror'),
(308, 4, 'Dual front impact airbags'),
(309, 4, 'Dual front side impact airbags'),
(310, 4, 'Front anti-roll bar'),
(311, 4, 'Front dual zone A/C'),
(312, 4, 'Front fog lights'),
(313, 4, 'Front reading lights'),
(314, 4, 'Front wheel independent suspension'),
(315, 4, 'Fully automatic headlights'),
(316, 4, 'Garage door transmitter'),
(317, 4, 'Heated door mirrors'),
(318, 4, 'Heated front seats'),
(319, 4, 'Illuminated entry'),
(320, 4, 'Low tire pressure warning'),
(321, 4, 'Memory seat'),
(322, 4, 'Occupant sensing airbag'),
(323, 4, 'Outside temperature display'),
(324, 4, 'Overhead airbag'),
(325, 4, 'Overhead console'),
(326, 4, 'Panic alarm'),
(327, 4, 'Passenger door bin'),
(328, 4, 'Passenger vanity mirror'),
(329, 4, 'Power door mirrors'),
(330, 4, 'Power driver seat'),
(331, 4, 'Power passenger seat'),
(332, 4, 'Power steering'),
(333, 4, 'Power windows'),
(334, 4, 'Radio data system'),
(335, 4, 'Rear reading lights'),
(336, 4, 'Rear seat center armrest'),
(337, 4, 'Rear step bumper'),
(338, 4, 'Rear window defroster'),
(339, 4, 'Remote keyless entry'),
(340, 4, 'Security system'),
(341, 4, 'Speed control'),
(342, 4, 'Speed-sensing steering'),
(343, 4, 'Split folding rear seat'),
(344, 4, 'Steering wheel mounted audio controls'),
(345, 4, 'Telescoping steering wheel'),
(346, 4, 'Tilt steering wheel'),
(347, 4, 'Traction control'),
(348, 4, 'Trip computer'),
(349, 4, 'Turn signal indicator mirrors'),
(350, 4, 'Variably intermittent wipers'),
(351, 4, 'Auto-dimming Rear-View mirror'),
(352, 1, 'Preferred Equipment Group 1VL'),
(353, 1, '16\" Steel w/Cover Wheels'),
(354, 1, 'Front Bucket Seats'),
(355, 1, 'Premium Cloth Seat Trim'),
(356, 1, 'AM/FM Stereo'),
(357, 1, '6-Way Manual Front Passenger Seat Adjuster'),
(358, 1, '6-Way Manual Driver Seat Adjuster'),
(359, 1, '6-Speaker Audio System Feature'),
(360, 1, '4-Wheel Disc Brakes'),
(361, 1, '6 Speakers'),
(362, 1, 'Air Conditioning'),
(363, 1, 'Electronic Stability Control'),
(364, 1, 'Tachometer'),
(365, 1, 'ABS brakes'),
(366, 1, 'AM/FM radio'),
(367, 1, 'Brake assist'),
(368, 1, 'Bumpers: body-color'),
(369, 1, 'Delay-off headlights'),
(370, 1, 'Driver door bin'),
(371, 1, 'Dual front impact airbags'),
(372, 1, 'Dual front side impact airbags'),
(373, 1, 'Four wheel independent suspension'),
(374, 1, 'Front anti-roll bar'),
(375, 1, 'Front reading lights'),
(376, 1, 'Fully automatic headlights'),
(377, 1, 'Illuminated entry'),
(378, 1, 'Knee airbag'),
(379, 1, 'Low tire pressure warning'),
(380, 1, 'Occupant sensing airbag'),
(381, 1, 'Overhead airbag'),
(382, 1, 'Overhead console'),
(383, 1, 'Panic alarm'),
(384, 1, 'Passenger door bin'),
(385, 1, 'Power door mirrors'),
(386, 1, 'Power steering'),
(387, 1, 'Power windows'),
(388, 1, 'Rear anti-roll bar'),
(389, 1, 'Rear seat center armrest'),
(390, 1, 'Rear side impact airbag'),
(391, 1, 'Rear window defroster'),
(392, 1, 'Remote keyless entry'),
(393, 1, 'Security system'),
(394, 1, 'Speed control'),
(395, 1, 'Split folding rear seat'),
(396, 1, 'Steering wheel mounted audio controls'),
(397, 1, 'Telescoping steering wheel'),
(398, 1, 'Tilt steering wheel'),
(399, 1, 'Traction control'),
(400, 1, 'Trip computer'),
(401, 1, 'Variably intermittent wipers'),
(402, 1, 'Front Center Armrest w/Storage'),
(403, 1, 'Ignition disable'),
(404, 1, 'Emergency communication system: OnStar Guidance');

COMMIT;